{"cameraMode":{"drawMode":0,"name":"Shaded","section":"Shading Mode"},"sceneLighting":false,"audioPlay":false,"sceneViewState":{"showFog":true,"showMaterialUpdate":false,"showSkybox":true,"showFlares":true,"showImageEffects":true,"showParticleSystems":true},"in2DMode":false,"pivot":{"x":870.2557983398438,"y":661.32958984375,"z":51.2821044921875},"rotation":{"x":-0.018308497965335847,"y":-0.002402318175882101,"z":0.00004438791802385822,"w":-0.999832034111023},"size":874.94970703125,"orthographic":false}